{
  "users": [
    {
      "username": "Bruno",
      "password": "bruno1",
      "id": "ac3f"
    },
    {
      "username": "Silas",
      "password": "silas1",
      "id": "b856"
    },
    {
      "username": "Ismael",
      "password": "ismael1",
      "id": "9c24"
    },
    {
      "username": "Pedro",
      "password": "pedro1",
      "id": "3c52"
    },
    {
      "username": "Ewerson",
      "password": "ewerson1",
      "id": "54d2"
    },
    {
      "username": "Carlinhos",
      "password": "carlinhos1",
      "id": "c259"
    }
  ],
  "adm": [
    {
      "username": "Administrador",
      "password": "admin4",
      "id": "2asf"
    }
  ],
  "schedules": [
    {
      "id": "428b",
      "room": "Sala 2",
      "date": "2024-12-23",
      "time": "12:12",
      "professor": "Silas",
      "time2": "12:33"
    },
    {
      "id": "44ef",
      "room": "Sala 3",
      "date": "2024-12-24",
      "time": "12:12",
      "professor": "Bruno",
      "time2": "00:00"
    }
  ]
}